subj_group,subj,trial,trial_target,appearance,avg_known,known,length
train,1,20,swan,first,0.12195121951219512,FALSE,38
train,1,34,swan,second,0.12195121951219512,FALSE,9
train,2,17,swan,first,0.12195121951219512,FALSE,19
train,2,29,swan,second,0.12195121951219512,FALSE,11
train,3,11,swan,first,0.12195121951219512,FALSE,3
train,3,25,swan,second,0.12195121951219512,FALSE,3
train,4,8,swan,first,0.12195121951219512,FALSE,4
train,4,32,swan,second,0.12195121951219512,FALSE,10
train,5,5,swan,first,0.12195121951219512,FALSE,10
train,5,17,swan,second,0.12195121951219512,FALSE,4
train,6,12,swan,first,0.12195121951219512,FALSE,4
train,6,18,swan,second,0.12195121951219512,FALSE,14
train,7,17,swan,first,0.12195121951219512,FALSE,14
train,7,21,swan,second,0.12195121951219512,FALSE,9
train,8,8,swan,first,0.12195121951219512,FALSE,9
train,8,16,swan,second,0.12195121951219512,FALSE,9
train,9,24,swan,first,0.12195121951219512,FALSE,17
train,9,38,swan,second,0.12195121951219512,FALSE,10
train,11,31,swan,second,0.12195121951219512,FALSE,7
train,12,22,swan,first,0.12195121951219512,FALSE,5
train,12,30,swan,second,0.12195121951219512,FALSE,6
train,13,23,swan,first,0.12195121951219512,FALSE,13
train,13,31,swan,second,0.12195121951219512,FALSE,6
train,14,33,swan,first,0.12195121951219512,FALSE,4
train,14,37,swan,second,0.12195121951219512,FALSE,2
train,15,14,swan,first,0.12195121951219512,FALSE,3
train,15,32,swan,second,0.12195121951219512,FALSE,3
train,16,23,swan,first,0.12195121951219512,FALSE,1
train,16,33,swan,second,0.12195121951219512,FALSE,11
train,17,21,swan,first,0.12195121951219512,FALSE,14
train,17,37,swan,second,0.12195121951219512,FALSE,17
train,18,21,swan,first,0.12195121951219512,FALSE,6
train,18,33,swan,second,0.12195121951219512,FALSE,7
train,19,28,swan,first,0.12195121951219512,FALSE,5
train,19,34,swan,second,0.12195121951219512,FALSE,15
train,20,22,swan,first,0.12195121951219512,FALSE,6
train,20,36,swan,second,0.12195121951219512,FALSE,6
test,21,5,swan,first,0.12195121951219512,FALSE,17
test,21,11,swan,second,0.12195121951219512,FALSE,7
test,22,16,swan,first,0.12195121951219512,FALSE,3
test,22,20,swan,second,0.12195121951219512,FALSE,4
test,23,11,swan,first,0.12195121951219512,FALSE,6
test,23,29,swan,second,0.12195121951219512,FALSE,11
test,24,11,swan,first,0.12195121951219512,FALSE,11
test,24,25,swan,second,0.12195121951219512,FALSE,10
test,27,7,swan,first,0.12195121951219512,FALSE,11
test,27,15,swan,second,0.12195121951219512,FALSE,10
test,28,5,swan,first,0.12195121951219512,FALSE,31
test,28,39,swan,second,0.12195121951219512,FALSE,5
test,29,6,swan,first,0.12195121951219512,FALSE,4
test,29,24,swan,second,0.12195121951219512,FALSE,1
test,30,10,swan,first,0.12195121951219512,FALSE,4
test,30,12,swan,second,0.12195121951219512,FALSE,6
test,31,24,swan,first,0.12195121951219512,FALSE,7
test,31,34,swan,second,0.12195121951219512,FALSE,17
test,32,23,swan,first,0.12195121951219512,FALSE,9
test,32,31,swan,second,0.12195121951219512,FALSE,7
test,33,17,swan,first,0.12195121951219512,FALSE,7
test,33,27,swan,second,0.12195121951219512,FALSE,7
test,34,10,swan,first,0.12195121951219512,FALSE,22
test,34,28,swan,second,0.12195121951219512,FALSE,29
test,35,32,swan,first,0.12195121951219512,FALSE,34
test,35,36,swan,second,0.12195121951219512,FALSE,3
test,36,28,swan,first,0.12195121951219512,FALSE,26
test,36,36,swan,second,0.12195121951219512,FALSE,17
test,37,25,swan,first,0.12195121951219512,FALSE,22
test,37,37,swan,second,0.12195121951219512,FALSE,9
test,40,7,swan,first,0.12195121951219512,FALSE,10
test,40,15,swan,second,0.12195121951219512,FALSE,5
test,41,31,swan,first,0.12195121951219512,FALSE,8
test,41,37,swan,second,0.12195121951219512,FALSE,4
train,10,13,swan,first,0.12195121951219512,TRUE,5
train,10,33,swan,second,0.12195121951219512,TRUE,4
test,25,20,swan,first,0.12195121951219512,TRUE,4
test,25,36,swan,second,0.12195121951219512,TRUE,45
test,26,25,swan,first,0.12195121951219512,TRUE,8
test,26,29,swan,second,0.12195121951219512,TRUE,4
test,38,12,swan,first,0.12195121951219512,TRUE,4
test,38,30,swan,second,0.12195121951219512,TRUE,2
test,39,36,swan,first,0.12195121951219512,TRUE,3
test,39,40,swan,second,0.12195121951219512,TRUE,8
train,1,26,lobster,first,0.17073170731707318,FALSE,13
train,1,30,lobster,second,0.17073170731707318,FALSE,3
train,2,9,lobster,first,0.17073170731707318,FALSE,11
train,2,35,lobster,second,0.17073170731707318,FALSE,7
train,3,5,lobster,first,0.17073170731707318,FALSE,3
train,3,19,lobster,second,0.17073170731707318,FALSE,3
train,4,24,lobster,first,0.17073170731707318,FALSE,6
train,4,30,lobster,second,0.17073170731707318,FALSE,3
train,5,9,lobster,first,0.17073170731707318,FALSE,3
train,5,13,lobster,second,0.17073170731707318,FALSE,6
train,6,14,lobster,first,0.17073170731707318,FALSE,24
train,6,32,lobster,second,0.17073170731707318,FALSE,7
train,8,14,lobster,first,0.17073170731707318,FALSE,15
train,8,40,lobster,second,0.17073170731707318,FALSE,9
train,9,16,lobster,first,0.17073170731707318,FALSE,8
train,9,30,lobster,second,0.17073170731707318,FALSE,17
train,10,19,lobster,first,0.17073170731707318,FALSE,12
train,10,27,lobster,second,0.17073170731707318,FALSE,8
train,12,16,lobster,first,0.17073170731707318,FALSE,6
train,12,32,lobster,second,0.17073170731707318,FALSE,7
train,13,13,lobster,first,0.17073170731707318,FALSE,11
train,13,27,lobster,second,0.17073170731707318,FALSE,7
train,14,9,lobster,first,0.17073170731707318,FALSE,6
train,14,27,lobster,second,0.17073170731707318,FALSE,3
train,15,20,lobster,first,0.17073170731707318,FALSE,3
train,15,22,lobster,second,0.17073170731707318,FALSE,5
train,17,7,lobster,first,0.17073170731707318,FALSE,5
train,17,35,lobster,second,0.17073170731707318,FALSE,8
train,18,7,lobster,first,0.17073170731707318,FALSE,10
train,18,9,lobster,second,0.17073170731707318,FALSE,5
train,19,22,lobster,first,0.17073170731707318,FALSE,8
train,19,26,lobster,second,0.17073170731707318,FALSE,10
train,20,8,lobster,first,0.17073170731707318,FALSE,26
train,20,30,lobster,second,0.17073170731707318,FALSE,4
test,21,17,lobster,first,0.17073170731707318,FALSE,10
test,21,19,lobster,second,0.17073170731707318,FALSE,10
test,22,12,lobster,first,0.17073170731707318,FALSE,21
test,22,18,lobster,second,0.17073170731707318,FALSE,5
test,23,33,lobster,first,0.17073170731707318,FALSE,10
test,23,37,lobster,second,0.17073170731707318,FALSE,2
test,24,9,lobster,first,0.17073170731707318,FALSE,8
test,24,33,lobster,second,0.17073170731707318,FALSE,7
test,25,12,lobster,first,0.17073170731707318,FALSE,4
test,25,24,lobster,second,0.17073170731707318,FALSE,4
test,27,29,lobster,first,0.17073170731707318,FALSE,9
test,27,37,lobster,second,0.17073170731707318,FALSE,6
test,28,23,lobster,first,0.17073170731707318,FALSE,4
test,28,33,lobster,second,0.17073170731707318,FALSE,18
test,29,14,lobster,first,0.17073170731707318,FALSE,4
test,29,40,lobster,second,0.17073170731707318,FALSE,1
test,30,36,lobster,first,0.17073170731707318,FALSE,7
test,30,40,lobster,second,0.17073170731707318,FALSE,18
test,31,26,lobster,first,0.17073170731707318,FALSE,3
test,32,5,lobster,first,0.17073170731707318,FALSE,11
test,32,13,lobster,second,0.17073170731707318,FALSE,4
test,33,23,lobster,first,0.17073170731707318,FALSE,5
test,33,37,lobster,second,0.17073170731707318,FALSE,4
test,34,30,lobster,first,0.17073170731707318,FALSE,6
test,34,32,lobster,second,0.17073170731707318,FALSE,5
test,35,28,lobster,first,0.17073170731707318,FALSE,3
test,35,38,lobster,second,0.17073170731707318,FALSE,3
test,36,16,lobster,first,0.17073170731707318,FALSE,3
test,36,18,lobster,second,0.17073170731707318,FALSE,6
test,37,15,lobster,first,0.17073170731707318,FALSE,9
test,37,21,lobster,second,0.17073170731707318,FALSE,5
test,38,22,lobster,first,0.17073170731707318,FALSE,5
test,38,38,lobster,second,0.17073170731707318,FALSE,31
train,7,15,lobster,first,0.17073170731707318,TRUE,12
train,7,37,lobster,second,0.17073170731707318,TRUE,3
train,11,25,lobster,first,0.17073170731707318,TRUE,4
train,11,37,lobster,second,0.17073170731707318,TRUE,6
train,16,11,lobster,first,0.17073170731707318,TRUE,3
train,16,25,lobster,second,0.17073170731707318,TRUE,4
test,26,11,lobster,first,0.17073170731707318,TRUE,3
test,26,21,lobster,second,0.17073170731707318,TRUE,6
test,39,22,lobster,first,0.17073170731707318,TRUE,6
test,39,28,lobster,second,0.17073170731707318,TRUE,6
test,40,35,lobster,first,0.17073170731707318,TRUE,7
test,40,39,lobster,second,0.17073170731707318,TRUE,6
test,41,15,lobster,first,0.17073170731707318,TRUE,10
test,41,39,lobster,second,0.17073170731707318,TRUE,8
train,1,22,leopard,first,0.21951219512195122,FALSE,15
train,1,28,leopard,second,0.21951219512195122,FALSE,8
train,2,19,leopard,first,0.21951219512195122,FALSE,29
train,2,33,leopard,second,0.21951219512195122,FALSE,13
train,3,7,leopard,first,0.21951219512195122,FALSE,3
train,3,37,leopard,second,0.21951219512195122,FALSE,3
train,4,28,leopard,first,0.21951219512195122,FALSE,3
train,4,36,leopard,second,0.21951219512195122,FALSE,3
train,6,20,leopard,first,0.21951219512195122,FALSE,16
train,6,40,leopard,second,0.21951219512195122,FALSE,1
train,7,5,leopard,first,0.21951219512195122,FALSE,31
train,7,13,leopard,second,0.21951219512195122,FALSE,6
train,8,20,leopard,first,0.21951219512195122,FALSE,13
train,8,22,leopard,second,0.21951219512195122,FALSE,4
train,9,26,leopard,first,0.21951219512195122,FALSE,27
train,9,32,leopard,second,0.21951219512195122,FALSE,6
train,10,23,leopard,first,0.21951219512195122,FALSE,9
train,10,37,leopard,second,0.21951219512195122,FALSE,8
train,12,6,leopard,first,0.21951219512195122,FALSE,3
train,12,14,leopard,second,0.21951219512195122,FALSE,8
train,13,15,leopard,first,0.21951219512195122,FALSE,8
train,13,19,leopard,second,0.21951219512195122,FALSE,5
train,14,21,leopard,first,0.21951219512195122,FALSE,6
train,14,29,leopard,second,0.21951219512195122,FALSE,4
train,15,8,leopard,first,0.21951219512195122,FALSE,4
train,15,36,leopard,second,0.21951219512195122,FALSE,12
train,17,13,leopard,first,0.21951219512195122,FALSE,8
train,17,23,leopard,second,0.21951219512195122,FALSE,4
train,18,23,leopard,first,0.21951219512195122,FALSE,5
train,18,37,leopard,second,0.21951219512195122,FALSE,4
train,19,8,leopard,first,0.21951219512195122,FALSE,25
train,19,32,leopard,second,0.21951219512195122,FALSE,6
train,20,6,leopard,first,0.21951219512195122,FALSE,10
train,20,32,leopard,second,0.21951219512195122,FALSE,17
test,21,9,leopard,first,0.21951219512195122,FALSE,15
test,21,39,leopard,second,0.21951219512195122,FALSE,6
test,23,13,leopard,first,0.21951219512195122,FALSE,11
test,23,17,leopard,second,0.21951219512195122,FALSE,14
test,24,29,leopard,first,0.21951219512195122,FALSE,15
test,24,31,leopard,second,0.21951219512195122,FALSE,12
test,26,7,leopard,first,0.21951219512195122,FALSE,8
test,26,39,leopard,second,0.21951219512195122,FALSE,2
test,27,13,leopard,first,0.21951219512195122,FALSE,3
test,27,17,leopard,second,0.21951219512195122,FALSE,3
test,28,9,leopard,first,0.21951219512195122,FALSE,7
test,28,11,leopard,second,0.21951219512195122,FALSE,7
test,29,8,leopard,first,0.21951219512195122,FALSE,10
test,29,20,leopard,second,0.21951219512195122,FALSE,1
test,30,20,leopard,first,0.21951219512195122,FALSE,7
test,30,24,leopard,second,0.21951219512195122,FALSE,6
test,31,16,leopard,first,0.21951219512195122,FALSE,10
test,31,18,leopard,second,0.21951219512195122,FALSE,6
test,32,11,leopard,first,0.21951219512195122,FALSE,9
test,32,15,leopard,second,0.21951219512195122,FALSE,4
test,33,25,leopard,first,0.21951219512195122,FALSE,6
test,33,35,leopard,second,0.21951219512195122,FALSE,15
test,35,6,leopard,first,0.21951219512195122,FALSE,3
test,35,10,leopard,second,0.21951219512195122,FALSE,3
test,36,14,leopard,first,0.21951219512195122,FALSE,10
test,36,20,leopard,second,0.21951219512195122,FALSE,26
test,37,17,leopard,first,0.21951219512195122,FALSE,5
test,37,31,leopard,second,0.21951219512195122,FALSE,13
test,41,19,leopard,first,0.21951219512195122,FALSE,7
test,41,35,leopard,second,0.21951219512195122,FALSE,13
train,5,25,leopard,first,0.21951219512195122,TRUE,1
train,5,39,leopard,second,0.21951219512195122,TRUE,15
train,11,21,leopard,first,0.21951219512195122,TRUE,7
train,11,39,leopard,second,0.21951219512195122,TRUE,3
train,16,13,leopard,first,0.21951219512195122,TRUE,3
train,16,19,leopard,second,0.21951219512195122,TRUE,3
test,22,26,leopard,first,0.21951219512195122,TRUE,5
test,22,28,leopard,second,0.21951219512195122,TRUE,9
test,25,6,leopard,first,0.21951219512195122,TRUE,4
test,25,26,leopard,second,0.21951219512195122,TRUE,3
test,34,14,leopard,first,0.21951219512195122,TRUE,5
test,34,20,leopard,second,0.21951219512195122,TRUE,7
test,38,8,leopard,first,0.21951219512195122,TRUE,7
test,38,14,leopard,second,0.21951219512195122,TRUE,3
test,39,10,leopard,first,0.21951219512195122,TRUE,4
test,39,26,leopard,second,0.21951219512195122,TRUE,10
test,40,11,leopard,first,0.21951219512195122,TRUE,4
test,40,27,leopard,second,0.21951219512195122,TRUE,1
train,1,6,peacock,first,0.3170731707317073,FALSE,14
train,1,32,peacock,second,0.3170731707317073,FALSE,15
train,2,7,peacock,first,0.3170731707317073,FALSE,14
train,2,39,peacock,second,0.3170731707317073,FALSE,23
train,3,31,peacock,first,0.3170731707317073,FALSE,3
train,3,35,peacock,second,0.3170731707317073,FALSE,3
train,4,10,peacock,first,0.3170731707317073,FALSE,4
train,4,26,peacock,second,0.3170731707317073,FALSE,8
train,6,22,peacock,first,0.3170731707317073,FALSE,9
train,6,24,peacock,second,0.3170731707317073,FALSE,12
train,8,34,peacock,first,0.3170731707317073,FALSE,7
train,8,38,peacock,second,0.3170731707317073,FALSE,4
train,9,12,peacock,first,0.3170731707317073,FALSE,15
train,9,18,peacock,second,0.3170731707317073,FALSE,5
train,11,5,peacock,first,0.3170731707317073,FALSE,7
train,11,23,peacock,second,0.3170731707317073,FALSE,5
train,12,18,peacock,first,0.3170731707317073,FALSE,8
train,12,20,peacock,second,0.3170731707317073,FALSE,10
train,14,25,peacock,first,0.3170731707317073,FALSE,3
train,14,31,peacock,second,0.3170731707317073,FALSE,4
train,15,34,peacock,first,0.3170731707317073,FALSE,4
train,15,38,peacock,second,0.3170731707317073,FALSE,3
train,17,5,peacock,first,0.3170731707317073,FALSE,33
train,17,25,peacock,second,0.3170731707317073,FALSE,8
train,18,13,peacock,first,0.3170731707317073,FALSE,10
train,18,31,peacock,second,0.3170731707317073,FALSE,5
train,20,16,peacock,first,0.3170731707317073,FALSE,3
train,20,20,peacock,second,0.3170731707317073,FALSE,6
test,21,15,peacock,first,0.3170731707317073,FALSE,9
test,21,25,peacock,second,0.3170731707317073,FALSE,11
test,22,6,peacock,first,0.3170731707317073,FALSE,5
test,22,14,peacock,second,0.3170731707317073,FALSE,4
test,23,7,peacock,first,0.3170731707317073,FALSE,13
test,23,25,peacock,second,0.3170731707317073,FALSE,28
test,24,23,peacock,first,0.3170731707317073,FALSE,13
test,24,35,peacock,second,0.3170731707317073,FALSE,11
test,26,9,peacock,first,0.3170731707317073,FALSE,5
test,26,31,peacock,second,0.3170731707317073,FALSE,1
test,27,19,peacock,first,0.3170731707317073,FALSE,9
test,27,27,peacock,second,0.3170731707317073,FALSE,3
test,29,38,peacock,second,0.3170731707317073,FALSE,1
test,31,10,peacock,first,0.3170731707317073,FALSE,3
test,31,20,peacock,second,0.3170731707317073,FALSE,6
test,32,7,peacock,first,0.3170731707317073,FALSE,5
test,32,9,peacock,second,0.3170731707317073,FALSE,6
test,33,29,peacock,first,0.3170731707317073,FALSE,15
test,33,39,peacock,second,0.3170731707317073,FALSE,8
test,35,8,peacock,first,0.3170731707317073,FALSE,6
test,35,22,peacock,second,0.3170731707317073,FALSE,3
test,36,26,peacock,first,0.3170731707317073,FALSE,21
test,36,34,peacock,second,0.3170731707317073,FALSE,6
test,37,7,peacock,first,0.3170731707317073,FALSE,5
test,37,27,peacock,second,0.3170731707317073,FALSE,7
test,41,5,peacock,first,0.3170731707317073,FALSE,9
test,41,27,peacock,second,0.3170731707317073,FALSE,6
train,5,7,peacock,first,0.3170731707317073,TRUE,5
train,5,11,peacock,second,0.3170731707317073,TRUE,2
train,7,11,peacock,first,0.3170731707317073,TRUE,5
train,7,27,peacock,second,0.3170731707317073,TRUE,62
train,10,25,peacock,first,0.3170731707317073,TRUE,4
train,10,31,peacock,second,0.3170731707317073,TRUE,4
train,13,33,peacock,first,0.3170731707317073,TRUE,11
train,13,37,peacock,second,0.3170731707317073,TRUE,4
train,16,31,peacock,first,0.3170731707317073,TRUE,6
train,16,37,peacock,second,0.3170731707317073,TRUE,9
train,19,12,peacock,first,0.3170731707317073,TRUE,7
train,19,36,peacock,second,0.3170731707317073,TRUE,11
test,25,32,peacock,first,0.3170731707317073,TRUE,10
test,25,34,peacock,second,0.3170731707317073,TRUE,5
test,28,13,peacock,first,0.3170731707317073,TRUE,4
test,28,15,peacock,second,0.3170731707317073,TRUE,12
test,30,26,peacock,first,0.3170731707317073,TRUE,6
test,30,28,peacock,second,0.3170731707317073,TRUE,5
test,34,8,peacock,first,0.3170731707317073,TRUE,10
test,34,16,peacock,second,0.3170731707317073,TRUE,5
test,38,6,peacock,first,0.3170731707317073,TRUE,7
test,39,6,peacock,first,0.3170731707317073,TRUE,6
test,39,30,peacock,second,0.3170731707317073,TRUE,6
test,40,5,peacock,first,0.3170731707317073,TRUE,9
test,40,21,peacock,second,0.3170731707317073,TRUE,2
train,1,16,donkey,first,0.34146341463414637,FALSE,11
train,1,36,donkey,second,0.34146341463414637,FALSE,8
train,2,5,donkey,first,0.34146341463414637,FALSE,14
train,2,31,donkey,second,0.34146341463414637,FALSE,17
train,3,9,donkey,first,0.34146341463414637,FALSE,3
train,3,27,donkey,second,0.34146341463414637,FALSE,3
train,5,29,donkey,first,0.34146341463414637,FALSE,1
train,5,37,donkey,second,0.34146341463414637,FALSE,9
train,6,26,donkey,first,0.34146341463414637,FALSE,9
train,6,28,donkey,second,0.34146341463414637,FALSE,31
train,8,28,donkey,first,0.34146341463414637,FALSE,12
train,8,30,donkey,second,0.34146341463414637,FALSE,10
train,10,7,donkey,first,0.34146341463414637,FALSE,7
train,10,35,donkey,second,0.34146341463414637,FALSE,5
train,11,27,donkey,first,0.34146341463414637,FALSE,5
train,11,29,donkey,second,0.34146341463414637,FALSE,3
train,12,12,donkey,first,0.34146341463414637,FALSE,3
train,12,38,donkey,second,0.34146341463414637,FALSE,8
train,13,17,donkey,first,0.34146341463414637,FALSE,8
train,13,39,donkey,second,0.34146341463414637,FALSE,1
train,14,13,donkey,first,0.34146341463414637,FALSE,6
train,14,15,donkey,second,0.34146341463414637,FALSE,3
train,15,16,donkey,first,0.34146341463414637,FALSE,3
train,15,24,donkey,second,0.34146341463414637,FALSE,3
train,17,33,donkey,first,0.34146341463414637,FALSE,6
train,17,39,donkey,second,0.34146341463414637,FALSE,10
train,18,15,donkey,first,0.34146341463414637,FALSE,6
train,18,25,donkey,second,0.34146341463414637,FALSE,5
train,20,24,donkey,first,0.34146341463414637,FALSE,21
train,20,40,donkey,second,0.34146341463414637,FALSE,3
test,21,23,donkey,first,0.34146341463414637,FALSE,9
test,21,29,donkey,second,0.34146341463414637,FALSE,5
test,23,21,donkey,first,0.34146341463414637,FALSE,9
test,23,31,donkey,second,0.34146341463414637,FALSE,29
test,24,15,donkey,first,0.34146341463414637,FALSE,18
test,24,39,donkey,second,0.34146341463414637,FALSE,16
test,27,9,donkey,first,0.34146341463414637,FALSE,3
test,27,33,donkey,second,0.34146341463414637,FALSE,6
test,28,25,donkey,first,0.34146341463414637,FALSE,8
test,28,37,donkey,second,0.34146341463414637,FALSE,11
test,29,18,donkey,first,0.34146341463414637,FALSE,15
test,29,32,donkey,second,0.34146341463414637,FALSE,6
test,31,22,donkey,first,0.34146341463414637,FALSE,6
test,31,40,donkey,second,0.34146341463414637,FALSE,3
test,32,17,donkey,first,0.34146341463414637,FALSE,4
test,32,37,donkey,second,0.34146341463414637,FALSE,6
test,36,38,donkey,first,0.34146341463414637,FALSE,15
test,36,40,donkey,second,0.34146341463414637,FALSE,4
test,37,19,donkey,first,0.34146341463414637,FALSE,8
test,37,33,donkey,second,0.34146341463414637,FALSE,31
test,39,20,donkey,first,0.34146341463414637,FALSE,10
test,39,34,donkey,second,0.34146341463414637,FALSE,6
test,41,7,donkey,first,0.34146341463414637,FALSE,6
test,41,33,donkey,second,0.34146341463414637,FALSE,2
train,4,6,donkey,first,0.34146341463414637,TRUE,4
train,4,14,donkey,second,0.34146341463414637,TRUE,4
train,7,25,donkey,first,0.34146341463414637,TRUE,38
train,7,31,donkey,second,0.34146341463414637,TRUE,3
train,9,20,donkey,first,0.34146341463414637,TRUE,13
train,9,34,donkey,second,0.34146341463414637,TRUE,21
train,16,27,donkey,first,0.34146341463414637,TRUE,6
train,16,39,donkey,second,0.34146341463414637,TRUE,5
train,19,38,donkey,first,0.34146341463414637,TRUE,9
train,19,40,donkey,second,0.34146341463414637,TRUE,9
test,22,38,donkey,first,0.34146341463414637,TRUE,4
test,22,40,donkey,second,0.34146341463414637,TRUE,10
test,25,10,donkey,first,0.34146341463414637,TRUE,4
test,25,16,donkey,second,0.34146341463414637,TRUE,4
test,26,17,donkey,first,0.34146341463414637,TRUE,8
test,26,27,donkey,second,0.34146341463414637,TRUE,4
test,30,6,donkey,first,0.34146341463414637,TRUE,9
test,30,14,donkey,second,0.34146341463414637,TRUE,9
test,33,9,donkey,first,0.34146341463414637,TRUE,6
test,33,11,donkey,second,0.34146341463414637,TRUE,4
test,34,22,donkey,first,0.34146341463414637,TRUE,6
test,34,36,donkey,second,0.34146341463414637,TRUE,1
test,35,16,donkey,first,0.34146341463414637,TRUE,3
test,35,40,donkey,second,0.34146341463414637,TRUE,3
test,38,26,donkey,first,0.34146341463414637,TRUE,9
test,38,36,donkey,second,0.34146341463414637,TRUE,3
test,40,17,donkey,first,0.34146341463414637,TRUE,6
test,40,33,donkey,second,0.34146341463414637,TRUE,2
train,1,38,raccoon,first,0.3902439024390244,FALSE,3
train,1,40,raccoon,second,0.3902439024390244,FALSE,8
train,2,11,raccoon,first,0.3902439024390244,FALSE,6
train,2,15,raccoon,second,0.3902439024390244,FALSE,8
train,3,21,raccoon,first,0.3902439024390244,FALSE,3
train,3,33,raccoon,second,0.3902439024390244,FALSE,3
train,6,16,raccoon,first,0.3902439024390244,FALSE,12
train,6,36,raccoon,second,0.3902439024390244,FALSE,12
train,8,12,raccoon,first,0.3902439024390244,FALSE,5
train,8,24,raccoon,second,0.3902439024390244,FALSE,9
train,12,28,raccoon,first,0.3902439024390244,FALSE,3
train,12,34,raccoon,second,0.3902439024390244,FALSE,2
train,13,21,raccoon,first,0.3902439024390244,FALSE,7
train,13,29,raccoon,second,0.3902439024390244,FALSE,14
train,14,17,raccoon,first,0.3902439024390244,FALSE,14
train,14,23,raccoon,second,0.3902439024390244,FALSE,4
train,15,10,raccoon,first,0.3902439024390244,FALSE,8
train,15,28,raccoon,second,0.3902439024390244,FALSE,3
train,17,15,raccoon,first,0.3902439024390244,FALSE,4
train,17,19,raccoon,second,0.3902439024390244,FALSE,4
train,18,17,raccoon,first,0.3902439024390244,FALSE,2
train,18,39,raccoon,second,0.3902439024390244,FALSE,8
train,20,18,raccoon,first,0.3902439024390244,FALSE,5
train,20,38,raccoon,second,0.3902439024390244,FALSE,8
test,21,27,raccoon,first,0.3902439024390244,FALSE,11
test,21,35,raccoon,second,0.3902439024390244,FALSE,8
test,23,39,raccoon,second,0.3902439024390244,FALSE,4
test,25,22,raccoon,first,0.3902439024390244,FALSE,5
test,25,30,raccoon,second,0.3902439024390244,FALSE,5
test,27,25,raccoon,first,0.3902439024390244,FALSE,6
test,27,39,raccoon,second,0.3902439024390244,FALSE,27
test,28,19,raccoon,first,0.3902439024390244,FALSE,14
test,28,29,raccoon,second,0.3902439024390244,FALSE,10
test,29,10,raccoon,first,0.3902439024390244,FALSE,2
test,29,34,raccoon,second,0.3902439024390244,FALSE,1
test,31,12,raccoon,first,0.3902439024390244,FALSE,5
test,31,28,raccoon,second,0.3902439024390244,FALSE,3
test,32,19,raccoon,first,0.3902439024390244,FALSE,8
test,32,35,raccoon,second,0.3902439024390244,FALSE,7
test,33,7,raccoon,first,0.3902439024390244,FALSE,8
test,33,21,raccoon,second,0.3902439024390244,FALSE,7
test,35,18,raccoon,first,0.3902439024390244,FALSE,3
test,35,30,raccoon,second,0.3902439024390244,FALSE,3
test,36,6,raccoon,first,0.3902439024390244,FALSE,6
test,36,24,raccoon,second,0.3902439024390244,FALSE,13
test,37,23,raccoon,first,0.3902439024390244,FALSE,19
test,37,35,raccoon,second,0.3902439024390244,FALSE,21
test,41,21,raccoon,first,0.3902439024390244,FALSE,3
test,41,29,raccoon,second,0.3902439024390244,FALSE,4
train,4,12,raccoon,first,0.3902439024390244,TRUE,4
train,4,18,raccoon,second,0.3902439024390244,TRUE,5
train,5,15,raccoon,first,0.3902439024390244,TRUE,11
train,5,21,raccoon,second,0.3902439024390244,TRUE,6
train,7,33,raccoon,first,0.3902439024390244,TRUE,7
train,7,35,raccoon,second,0.3902439024390244,TRUE,11
train,9,6,raccoon,first,0.3902439024390244,TRUE,12
train,9,28,raccoon,second,0.3902439024390244,TRUE,8
train,10,5,raccoon,first,0.3902439024390244,TRUE,4
train,10,9,raccoon,second,0.3902439024390244,TRUE,10
train,11,7,raccoon,first,0.3902439024390244,TRUE,5
train,11,35,raccoon,second,0.3902439024390244,TRUE,7
train,16,5,raccoon,first,0.3902439024390244,TRUE,6
train,16,21,raccoon,second,0.3902439024390244,TRUE,2
train,19,16,raccoon,first,0.3902439024390244,TRUE,4
train,19,20,raccoon,second,0.3902439024390244,TRUE,10
test,22,30,raccoon,first,0.3902439024390244,TRUE,4
test,22,36,raccoon,second,0.3902439024390244,TRUE,5
test,24,7,raccoon,first,0.3902439024390244,TRUE,5
test,24,17,raccoon,second,0.3902439024390244,TRUE,10
test,26,33,raccoon,first,0.3902439024390244,TRUE,3
test,26,35,raccoon,second,0.3902439024390244,TRUE,3
test,30,32,raccoon,first,0.3902439024390244,TRUE,23
test,30,34,raccoon,second,0.3902439024390244,TRUE,15
test,34,6,raccoon,first,0.3902439024390244,TRUE,3
test,34,34,raccoon,second,0.3902439024390244,TRUE,1
test,38,16,raccoon,first,0.3902439024390244,TRUE,9
test,38,20,raccoon,second,0.3902439024390244,TRUE,9
test,39,12,raccoon,first,0.3902439024390244,TRUE,4
test,39,14,raccoon,second,0.3902439024390244,TRUE,3
test,40,19,raccoon,first,0.3902439024390244,TRUE,6
test,40,37,raccoon,second,0.3902439024390244,TRUE,1
train,2,25,rhinoceros,first,0.4634146341463415,FALSE,36
train,2,37,rhinoceros,second,0.4634146341463415,FALSE,12
train,3,13,rhinoceros,first,0.4634146341463415,FALSE,3
train,3,29,rhinoceros,second,0.4634146341463415,FALSE,3
train,4,16,rhinoceros,first,0.4634146341463415,FALSE,4
train,4,40,rhinoceros,second,0.4634146341463415,FALSE,3
train,6,30,rhinoceros,first,0.4634146341463415,FALSE,1
train,6,34,rhinoceros,second,0.4634146341463415,FALSE,1
train,8,10,rhinoceros,first,0.4634146341463415,FALSE,7
train,8,18,rhinoceros,second,0.4634146341463415,FALSE,3
train,12,8,rhinoceros,first,0.4634146341463415,FALSE,6
train,12,24,rhinoceros,second,0.4634146341463415,FALSE,3
train,13,5,rhinoceros,first,0.4634146341463415,FALSE,12
train,13,35,rhinoceros,second,0.4634146341463415,FALSE,1
train,14,5,rhinoceros,first,0.4634146341463415,FALSE,2
train,14,7,rhinoceros,second,0.4634146341463415,FALSE,3
train,15,18,rhinoceros,first,0.4634146341463415,FALSE,7
train,15,40,rhinoceros,second,0.4634146341463415,FALSE,3
train,18,5,rhinoceros,first,0.4634146341463415,FALSE,21
train,18,35,rhinoceros,second,0.4634146341463415,FALSE,11
test,21,7,rhinoceros,first,0.4634146341463415,FALSE,8
test,21,13,rhinoceros,second,0.4634146341463415,FALSE,4
test,23,5,rhinoceros,first,0.4634146341463415,FALSE,6
test,23,27,rhinoceros,second,0.4634146341463415,FALSE,17
test,25,8,rhinoceros,first,0.4634146341463415,FALSE,4
test,25,40,rhinoceros,second,0.4634146341463415,FALSE,2
test,27,21,rhinoceros,first,0.4634146341463415,FALSE,7
test,27,23,rhinoceros,second,0.4634146341463415,FALSE,3
test,28,17,rhinoceros,first,0.4634146341463415,FALSE,23
test,28,31,rhinoceros,second,0.4634146341463415,FALSE,4
test,29,22,rhinoceros,first,0.4634146341463415,FALSE,7
test,29,26,rhinoceros,second,0.4634146341463415,FALSE,4
test,30,16,rhinoceros,first,0.4634146341463415,FALSE,9
test,30,18,rhinoceros,second,0.4634146341463415,FALSE,3
test,31,6,rhinoceros,first,0.4634146341463415,FALSE,3
test,31,14,rhinoceros,second,0.4634146341463415,FALSE,3
test,33,15,rhinoceros,first,0.4634146341463415,FALSE,10
test,33,33,rhinoceros,second,0.4634146341463415,FALSE,21
test,34,12,rhinoceros,first,0.4634146341463415,FALSE,14
test,34,24,rhinoceros,second,0.4634146341463415,FALSE,4
test,37,9,rhinoceros,first,0.4634146341463415,FALSE,5
test,37,29,rhinoceros,second,0.4634146341463415,FALSE,1
test,41,11,rhinoceros,first,0.4634146341463415,FALSE,5
test,41,13,rhinoceros,second,0.4634146341463415,FALSE,5
train,1,14,rhinoceros,first,0.4634146341463415,TRUE,4
train,1,18,rhinoceros,second,0.4634146341463415,TRUE,7
train,5,27,rhinoceros,first,0.4634146341463415,TRUE,5
train,5,31,rhinoceros,second,0.4634146341463415,TRUE,4
train,7,7,rhinoceros,first,0.4634146341463415,TRUE,4
train,7,29,rhinoceros,second,0.4634146341463415,TRUE,12
train,9,10,rhinoceros,first,0.4634146341463415,TRUE,9
train,9,14,rhinoceros,second,0.4634146341463415,TRUE,15
train,10,21,rhinoceros,first,0.4634146341463415,TRUE,4
train,10,29,rhinoceros,second,0.4634146341463415,TRUE,6
train,11,13,rhinoceros,first,0.4634146341463415,TRUE,5
train,11,33,rhinoceros,second,0.4634146341463415,TRUE,3
train,16,9,rhinoceros,first,0.4634146341463415,TRUE,3
train,16,15,rhinoceros,second,0.4634146341463415,TRUE,4
train,17,11,rhinoceros,first,0.4634146341463415,TRUE,6
train,17,29,rhinoceros,second,0.4634146341463415,TRUE,4
train,19,10,rhinoceros,first,0.4634146341463415,TRUE,13
train,19,24,rhinoceros,second,0.4634146341463415,TRUE,5
train,20,12,rhinoceros,first,0.4634146341463415,TRUE,19
train,20,14,rhinoceros,second,0.4634146341463415,TRUE,3
test,22,8,rhinoceros,first,0.4634146341463415,TRUE,8
test,22,32,rhinoceros,second,0.4634146341463415,TRUE,3
test,24,13,rhinoceros,first,0.4634146341463415,TRUE,7
test,24,19,rhinoceros,second,0.4634146341463415,TRUE,5
test,26,5,rhinoceros,first,0.4634146341463415,TRUE,14
test,26,23,rhinoceros,second,0.4634146341463415,TRUE,3
test,32,25,rhinoceros,first,0.4634146341463415,TRUE,10
test,32,39,rhinoceros,second,0.4634146341463415,TRUE,9
test,35,14,rhinoceros,first,0.4634146341463415,TRUE,3
test,35,26,rhinoceros,second,0.4634146341463415,TRUE,3
test,36,8,rhinoceros,first,0.4634146341463415,TRUE,6
test,36,32,rhinoceros,second,0.4634146341463415,TRUE,5
test,38,10,rhinoceros,first,0.4634146341463415,TRUE,5
test,38,40,rhinoceros,second,0.4634146341463415,TRUE,4
test,39,8,rhinoceros,first,0.4634146341463415,TRUE,5
test,39,16,rhinoceros,second,0.4634146341463415,TRUE,3
test,40,9,rhinoceros,first,0.4634146341463415,TRUE,11
test,40,13,rhinoceros,second,0.4634146341463415,TRUE,5
train,2,13,squirrel,first,0.6097560975609756,FALSE,4
train,2,23,squirrel,second,0.6097560975609756,FALSE,27
train,3,17,squirrel,first,0.6097560975609756,FALSE,3
train,3,23,squirrel,second,0.6097560975609756,FALSE,3
train,12,10,squirrel,first,0.6097560975609756,FALSE,7
train,12,36,squirrel,second,0.6097560975609756,FALSE,8
train,13,7,squirrel,first,0.6097560975609756,FALSE,8
train,13,25,squirrel,second,0.6097560975609756,FALSE,6
train,14,35,squirrel,first,0.6097560975609756,FALSE,4
train,14,39,squirrel,second,0.6097560975609756,FALSE,7
train,15,6,squirrel,first,0.6097560975609756,FALSE,7
train,15,12,squirrel,second,0.6097560975609756,FALSE,1
train,18,19,squirrel,first,0.6097560975609756,FALSE,15
train,18,29,squirrel,second,0.6097560975609756,FALSE,7
train,20,10,squirrel,first,0.6097560975609756,FALSE,20
train,20,26,squirrel,second,0.6097560975609756,FALSE,6
test,21,21,squirrel,first,0.6097560975609756,FALSE,11
test,21,31,squirrel,second,0.6097560975609756,FALSE,3
test,27,31,squirrel,second,0.6097560975609756,FALSE,10
test,28,7,squirrel,first,0.6097560975609756,FALSE,7
test,28,21,squirrel,second,0.6097560975609756,FALSE,3
test,29,12,squirrel,first,0.6097560975609756,FALSE,2
test,29,30,squirrel,second,0.6097560975609756,FALSE,2
test,31,30,squirrel,first,0.6097560975609756,FALSE,13
test,31,32,squirrel,second,0.6097560975609756,FALSE,13
test,33,13,squirrel,first,0.6097560975609756,FALSE,16
test,33,31,squirrel,second,0.6097560975609756,FALSE,10
test,36,12,squirrel,first,0.6097560975609756,FALSE,7
test,36,30,squirrel,second,0.6097560975609756,FALSE,6
test,41,9,squirrel,first,0.6097560975609756,FALSE,9
test,41,23,squirrel,second,0.6097560975609756,FALSE,1
train,1,8,squirrel,first,0.6097560975609756,TRUE,4
train,1,10,squirrel,second,0.6097560975609756,TRUE,12
train,4,20,squirrel,first,0.6097560975609756,TRUE,6
train,4,38,squirrel,second,0.6097560975609756,TRUE,1
train,5,19,squirrel,first,0.6097560975609756,TRUE,1
train,5,33,squirrel,second,0.6097560975609756,TRUE,3
train,6,8,squirrel,first,0.6097560975609756,TRUE,15
train,6,38,squirrel,second,0.6097560975609756,TRUE,10
train,7,23,squirrel,first,0.6097560975609756,TRUE,6
train,7,39,squirrel,second,0.6097560975609756,TRUE,24
train,8,6,squirrel,first,0.6097560975609756,TRUE,10
train,8,36,squirrel,second,0.6097560975609756,TRUE,8
train,9,22,squirrel,first,0.6097560975609756,TRUE,7
train,9,36,squirrel,second,0.6097560975609756,TRUE,4
train,10,15,squirrel,first,0.6097560975609756,TRUE,4
train,10,17,squirrel,second,0.6097560975609756,TRUE,5
train,11,15,squirrel,first,0.6097560975609756,TRUE,4
train,11,17,squirrel,second,0.6097560975609756,TRUE,7
train,16,7,squirrel,first,0.6097560975609756,TRUE,7
train,16,17,squirrel,second,0.6097560975609756,TRUE,4
train,17,9,squirrel,first,0.6097560975609756,TRUE,14
train,17,17,squirrel,second,0.6097560975609756,TRUE,7
train,19,6,squirrel,first,0.6097560975609756,TRUE,8
train,19,30,squirrel,second,0.6097560975609756,TRUE,13
test,22,24,squirrel,first,0.6097560975609756,TRUE,4
test,22,34,squirrel,second,0.6097560975609756,TRUE,20
test,23,23,squirrel,first,0.6097560975609756,TRUE,15
test,23,35,squirrel,second,0.6097560975609756,TRUE,13
test,24,27,squirrel,first,0.6097560975609756,TRUE,13
test,24,37,squirrel,second,0.6097560975609756,TRUE,6
test,25,14,squirrel,first,0.6097560975609756,TRUE,6
test,25,18,squirrel,second,0.6097560975609756,TRUE,10
test,26,19,squirrel,first,0.6097560975609756,TRUE,8
test,26,37,squirrel,second,0.6097560975609756,TRUE,3
test,30,22,squirrel,first,0.6097560975609756,TRUE,9
test,30,30,squirrel,second,0.6097560975609756,TRUE,6
test,32,21,squirrel,first,0.6097560975609756,TRUE,8
test,32,27,squirrel,second,0.6097560975609756,TRUE,3
test,34,18,squirrel,first,0.6097560975609756,TRUE,5
test,34,40,squirrel,second,0.6097560975609756,TRUE,11
test,35,12,squirrel,first,0.6097560975609756,TRUE,3
test,35,34,squirrel,second,0.6097560975609756,TRUE,6
test,37,5,squirrel,first,0.6097560975609756,TRUE,1
test,37,11,squirrel,second,0.6097560975609756,TRUE,5
test,38,18,squirrel,first,0.6097560975609756,TRUE,3
test,38,32,squirrel,second,0.6097560975609756,TRUE,2
test,39,18,squirrel,first,0.6097560975609756,TRUE,12
test,39,24,squirrel,second,0.6097560975609756,TRUE,6
test,40,25,squirrel,first,0.6097560975609756,TRUE,9
test,40,31,squirrel,second,0.6097560975609756,TRUE,4
train,14,6,elephant,first,0.8780487804878049,FALSE,3
train,14,36,elephant,second,0.8780487804878049,FALSE,1
train,15,5,elephant,first,0.8780487804878049,FALSE,3
train,15,19,elephant,second,0.8780487804878049,FALSE,3
test,22,13,elephant,first,0.8780487804878049,FALSE,15
test,22,39,elephant,second,0.8780487804878049,FALSE,14
test,23,26,elephant,first,0.8780487804878049,FALSE,34
test,23,38,elephant,second,0.8780487804878049,FALSE,4
test,29,19,elephant,first,0.8780487804878049,FALSE,10
test,29,29,elephant,second,0.8780487804878049,FALSE,5
train,1,19,elephant,first,0.8780487804878049,TRUE,5
train,1,35,elephant,second,0.8780487804878049,TRUE,4
train,2,14,elephant,first,0.8780487804878049,TRUE,3
train,2,40,elephant,second,0.8780487804878049,TRUE,3
train,3,24,elephant,first,0.8780487804878049,TRUE,4
train,3,30,elephant,second,0.8780487804878049,TRUE,4
train,4,5,elephant,first,0.8780487804878049,TRUE,6
train,4,31,elephant,second,0.8780487804878049,TRUE,6
train,5,6,elephant,first,0.8780487804878049,TRUE,5
train,5,28,elephant,second,0.8780487804878049,TRUE,2
train,6,27,elephant,first,0.8780487804878049,TRUE,4
train,6,33,elephant,second,0.8780487804878049,TRUE,1
train,7,8,elephant,first,0.8780487804878049,TRUE,9
train,7,36,elephant,second,0.8780487804878049,TRUE,32
train,8,21,elephant,first,0.8780487804878049,TRUE,5
train,8,27,elephant,second,0.8780487804878049,TRUE,5
train,9,23,elephant,first,0.8780487804878049,TRUE,15
train,9,35,elephant,second,0.8780487804878049,TRUE,3
train,10,28,elephant,first,0.8780487804878049,TRUE,4
train,10,38,elephant,second,0.8780487804878049,TRUE,9
train,11,14,elephant,first,0.8780487804878049,TRUE,6
train,11,32,elephant,second,0.8780487804878049,TRUE,4
train,12,23,elephant,first,0.8780487804878049,TRUE,5
train,12,31,elephant,second,0.8780487804878049,TRUE,4
train,13,16,elephant,first,0.8780487804878049,TRUE,3
train,13,34,elephant,second,0.8780487804878049,TRUE,1
train,16,26,elephant,first,0.8780487804878049,TRUE,2
train,16,30,elephant,second,0.8780487804878049,TRUE,1
train,17,20,elephant,first,0.8780487804878049,TRUE,6
train,17,30,elephant,second,0.8780487804878049,TRUE,4
train,18,22,elephant,first,0.8780487804878049,TRUE,1
train,18,28,elephant,second,0.8780487804878049,TRUE,5
train,19,7,elephant,first,0.8780487804878049,TRUE,10
train,19,21,elephant,second,0.8780487804878049,TRUE,8
train,20,15,elephant,first,0.8780487804878049,TRUE,4
train,20,31,elephant,second,0.8780487804878049,TRUE,6
test,21,10,elephant,first,0.8780487804878049,TRUE,2
test,21,36,elephant,second,0.8780487804878049,TRUE,3
test,24,28,elephant,first,0.8780487804878049,TRUE,5
test,24,34,elephant,second,0.8780487804878049,TRUE,6
test,25,27,elephant,first,0.8780487804878049,TRUE,3
test,25,31,elephant,second,0.8780487804878049,TRUE,3
test,26,12,elephant,first,0.8780487804878049,TRUE,3
test,26,22,elephant,second,0.8780487804878049,TRUE,3
test,27,12,elephant,first,0.8780487804878049,TRUE,3
test,27,30,elephant,second,0.8780487804878049,TRUE,3
test,28,10,elephant,first,0.8780487804878049,TRUE,5
test,28,28,elephant,second,0.8780487804878049,TRUE,6
test,30,15,elephant,first,0.8780487804878049,TRUE,9
test,30,35,elephant,second,0.8780487804878049,TRUE,20
test,31,5,elephant,first,0.8780487804878049,TRUE,6
test,31,25,elephant,second,0.8780487804878049,TRUE,3
test,32,22,elephant,first,0.8780487804878049,TRUE,3
test,32,28,elephant,second,0.8780487804878049,TRUE,3
test,33,24,elephant,first,0.8780487804878049,TRUE,3
test,33,34,elephant,second,0.8780487804878049,TRUE,3
test,34,21,elephant,first,0.8780487804878049,TRUE,5
test,34,25,elephant,second,0.8780487804878049,TRUE,5
test,35,27,elephant,first,0.8780487804878049,TRUE,3
test,35,35,elephant,second,0.8780487804878049,TRUE,3
test,36,15,elephant,first,0.8780487804878049,TRUE,1
test,36,17,elephant,second,0.8780487804878049,TRUE,1
test,37,18,elephant,first,0.8780487804878049,TRUE,1
test,37,22,elephant,second,0.8780487804878049,TRUE,2
test,38,13,elephant,first,0.8780487804878049,TRUE,5
test,38,31,elephant,second,0.8780487804878049,TRUE,2
test,39,23,elephant,first,0.8780487804878049,TRUE,6
test,39,37,elephant,second,0.8780487804878049,TRUE,11
test,40,26,elephant,first,0.8780487804878049,TRUE,6
test,40,30,elephant,second,0.8780487804878049,TRUE,11
test,41,12,elephant,first,0.8780487804878049,TRUE,4
test,41,14,elephant,second,0.8780487804878049,TRUE,9
train,14,26,horse,first,0.9024390243902439,FALSE,3
train,14,34,horse,second,0.9024390243902439,FALSE,3
test,23,8,horse,first,0.9024390243902439,FALSE,2
test,23,30,horse,second,0.9024390243902439,FALSE,14
test,29,11,horse,first,0.9024390243902439,FALSE,2
test,29,21,horse,second,0.9024390243902439,FALSE,2
test,31,29,horse,first,0.9024390243902439,FALSE,10
test,31,39,horse,second,0.9024390243902439,FALSE,9
train,1,15,horse,first,0.9024390243902439,TRUE,3
train,1,39,horse,second,0.9024390243902439,TRUE,3
train,2,12,horse,first,0.9024390243902439,TRUE,3
train,2,26,horse,second,0.9024390243902439,TRUE,5
train,3,8,horse,first,0.9024390243902439,TRUE,6
train,3,20,horse,second,0.9024390243902439,TRUE,3
train,4,13,horse,first,0.9024390243902439,TRUE,2
train,4,35,horse,second,0.9024390243902439,TRUE,3
train,5,12,horse,first,0.9024390243902439,TRUE,5
train,5,36,horse,second,0.9024390243902439,TRUE,1
train,6,15,horse,first,0.9024390243902439,TRUE,5
train,6,31,horse,second,0.9024390243902439,TRUE,5
train,7,16,horse,first,0.9024390243902439,TRUE,3
train,7,22,horse,second,0.9024390243902439,TRUE,12
train,8,25,horse,first,0.9024390243902439,TRUE,10
train,8,35,horse,second,0.9024390243902439,TRUE,9
train,9,7,horse,first,0.9024390243902439,TRUE,5
train,9,27,horse,second,0.9024390243902439,TRUE,4
train,10,14,horse,first,0.9024390243902439,TRUE,6
train,10,20,horse,second,0.9024390243902439,TRUE,6
train,11,10,horse,first,0.9024390243902439,TRUE,5
train,11,12,horse,second,0.9024390243902439,TRUE,10
train,12,11,horse,first,0.9024390243902439,TRUE,4
train,12,13,horse,second,0.9024390243902439,TRUE,3
train,13,6,horse,first,0.9024390243902439,TRUE,4
train,13,8,horse,second,0.9024390243902439,TRUE,1
train,15,33,horse,first,0.9024390243902439,TRUE,3
train,15,37,horse,second,0.9024390243902439,TRUE,11
train,16,12,horse,first,0.9024390243902439,TRUE,4
train,16,36,horse,second,0.9024390243902439,TRUE,8
train,17,16,horse,first,0.9024390243902439,TRUE,9
train,17,24,horse,second,0.9024390243902439,TRUE,8
train,18,26,horse,first,0.9024390243902439,TRUE,4
train,19,23,horse,first,0.9024390243902439,TRUE,3
train,19,29,horse,second,0.9024390243902439,TRUE,3
train,20,17,horse,first,0.9024390243902439,TRUE,12
train,20,27,horse,second,0.9024390243902439,TRUE,6
test,21,14,horse,first,0.9024390243902439,TRUE,3
test,21,20,horse,second,0.9024390243902439,TRUE,3
test,22,23,horse,first,0.9024390243902439,TRUE,8
test,22,27,horse,second,0.9024390243902439,TRUE,10
test,24,16,horse,first,0.9024390243902439,TRUE,5
test,24,20,horse,second,0.9024390243902439,TRUE,5
test,25,9,horse,first,0.9024390243902439,TRUE,4
test,25,33,horse,second,0.9024390243902439,TRUE,15
test,26,18,horse,first,0.9024390243902439,TRUE,4
test,26,38,horse,second,0.9024390243902439,TRUE,3
test,27,10,horse,first,0.9024390243902439,TRUE,5
test,27,16,horse,second,0.9024390243902439,TRUE,4
test,28,8,horse,first,0.9024390243902439,TRUE,3
test,28,12,horse,second,0.9024390243902439,TRUE,4
test,30,11,horse,first,0.9024390243902439,TRUE,9
test,30,39,horse,second,0.9024390243902439,TRUE,17
test,32,26,horse,first,0.9024390243902439,TRUE,7
test,32,38,horse,second,0.9024390243902439,TRUE,3
test,33,6,horse,first,0.9024390243902439,TRUE,3
test,33,16,horse,second,0.9024390243902439,TRUE,3
test,34,11,horse,first,0.9024390243902439,TRUE,6
test,34,23,horse,second,0.9024390243902439,TRUE,1
test,35,33,horse,first,0.9024390243902439,TRUE,6
test,35,39,horse,second,0.9024390243902439,TRUE,3
test,36,7,horse,first,0.9024390243902439,TRUE,3
test,36,11,horse,second,0.9024390243902439,TRUE,3
test,37,14,horse,first,0.9024390243902439,TRUE,2
test,37,30,horse,second,0.9024390243902439,TRUE,6
test,38,7,horse,first,0.9024390243902439,TRUE,4
test,38,29,horse,second,0.9024390243902439,TRUE,3
test,39,5,horse,first,0.9024390243902439,TRUE,7
test,39,29,horse,second,0.9024390243902439,TRUE,10
test,40,8,horse,first,0.9024390243902439,TRUE,6
test,40,38,horse,second,0.9024390243902439,TRUE,13
test,41,6,horse,first,0.9024390243902439,TRUE,6
test,41,34,horse,second,0.9024390243902439,TRUE,6
train,14,8,bird,first,0.926829268292683,FALSE,4
train,14,22,duck,first,0.926829268292683,FALSE,3
train,14,38,duck,second,0.926829268292683,FALSE,1
train,14,40,bird,second,0.926829268292683,FALSE,12
train,18,32,duck,first,0.926829268292683,FALSE,20
train,18,36,duck,second,0.926829268292683,FALSE,18
test,29,17,bird,first,0.926829268292683,FALSE,3
test,29,23,duck,first,0.926829268292683,FALSE,5
test,29,25,duck,second,0.926829268292683,FALSE,12
test,29,27,bird,second,0.926829268292683,FALSE,9
test,41,16,bird,first,0.926829268292683,FALSE,5
test,41,18,bird,second,0.926829268292683,FALSE,5
train,1,5,bird,first,0.926829268292683,TRUE,6
train,1,21,duck,first,0.926829268292683,TRUE,7
train,1,25,duck,second,0.926829268292683,TRUE,8
train,1,29,bird,second,0.926829268292683,TRUE,7
train,2,18,duck,first,0.926829268292683,TRUE,3
train,2,24,bird,first,0.926829268292683,TRUE,3
train,2,28,duck,second,0.926829268292683,TRUE,5
train,2,34,bird,second,0.926829268292683,TRUE,6
train,3,12,bird,first,0.926829268292683,TRUE,6
train,3,16,duck,first,0.926829268292683,TRUE,4
train,3,36,duck,second,0.926829268292683,TRUE,5
train,3,38,bird,second,0.926829268292683,TRUE,3
train,4,9,duck,first,0.926829268292683,TRUE,4
train,4,15,bird,first,0.926829268292683,TRUE,6
train,4,23,bird,second,0.926829268292683,TRUE,8
train,4,39,duck,second,0.926829268292683,TRUE,1
train,5,8,bird,first,0.926829268292683,TRUE,5
train,5,20,duck,first,0.926829268292683,TRUE,4
train,5,24,bird,second,0.926829268292683,TRUE,4
train,5,30,duck,second,0.926829268292683,TRUE,4
train,6,5,duck,first,0.926829268292683,TRUE,4
train,6,29,bird,first,0.926829268292683,TRUE,1
train,6,7,duck,second,0.926829268292683,TRUE,6
train,6,37,bird,second,0.926829268292683,TRUE,4
train,7,14,bird,first,0.926829268292683,TRUE,3
train,7,20,duck,first,0.926829268292683,TRUE,12
train,7,30,bird,second,0.926829268292683,TRUE,3
train,7,34,duck,second,0.926829268292683,TRUE,5
train,8,5,bird,first,0.926829268292683,TRUE,5
train,8,17,duck,first,0.926829268292683,TRUE,9
train,8,7,bird,second,0.926829268292683,TRUE,8
train,8,29,duck,second,0.926829268292683,TRUE,14
train,9,21,duck,first,0.926829268292683,TRUE,5
train,9,31,bird,first,0.926829268292683,TRUE,4
train,9,25,duck,second,0.926829268292683,TRUE,8
train,9,33,bird,second,0.926829268292683,TRUE,7
train,10,16,duck,first,0.926829268292683,TRUE,4
train,10,18,bird,first,0.926829268292683,TRUE,3
train,10,26,duck,second,0.926829268292683,TRUE,5
train,10,36,bird,second,0.926829268292683,TRUE,5
train,11,6,duck,first,0.926829268292683,TRUE,5
train,11,36,bird,first,0.926829268292683,TRUE,3
train,11,30,duck,second,0.926829268292683,TRUE,4
train,11,38,bird,second,0.926829268292683,TRUE,4
train,12,21,duck,first,0.926829268292683,TRUE,6
train,12,25,bird,first,0.926829268292683,TRUE,6
train,12,33,duck,second,0.926829268292683,TRUE,6
train,12,39,bird,second,0.926829268292683,TRUE,3
train,13,12,duck,first,0.926829268292683,TRUE,4
train,13,14,bird,first,0.926829268292683,TRUE,1
train,13,28,duck,second,0.926829268292683,TRUE,5
train,13,36,bird,second,0.926829268292683,TRUE,4
train,15,15,duck,first,0.926829268292683,TRUE,7
train,15,31,bird,first,0.926829268292683,TRUE,6
train,15,21,duck,second,0.926829268292683,TRUE,6
train,15,39,bird,second,0.926829268292683,TRUE,25
train,16,6,duck,first,0.926829268292683,TRUE,4
train,16,20,bird,first,0.926829268292683,TRUE,19
train,16,22,duck,second,0.926829268292683,TRUE,4
train,16,40,bird,second,0.926829268292683,TRUE,17
train,17,6,bird,first,0.926829268292683,TRUE,8
train,17,10,duck,first,0.926829268292683,TRUE,6
train,17,38,bird,second,0.926829268292683,TRUE,5
train,17,40,duck,second,0.926829268292683,TRUE,11
train,18,12,bird,first,0.926829268292683,TRUE,5
train,18,18,bird,second,0.926829268292683,TRUE,11
train,19,11,bird,first,0.926829268292683,TRUE,6
train,19,25,duck,first,0.926829268292683,TRUE,4
train,19,31,bird,second,0.926829268292683,TRUE,4
train,19,37,duck,second,0.926829268292683,TRUE,3
train,20,5,bird,first,0.926829268292683,TRUE,5
train,20,7,duck,first,0.926829268292683,TRUE,16
train,20,19,bird,second,0.926829268292683,TRUE,6
train,20,25,duck,second,0.926829268292683,TRUE,6
test,21,6,bird,first,0.926829268292683,TRUE,8
test,21,12,duck,first,0.926829268292683,TRUE,3
test,21,18,bird,second,0.926829268292683,TRUE,6
test,21,34,duck,second,0.926829268292683,TRUE,3
test,22,5,duck,first,0.926829268292683,TRUE,9
test,22,7,bird,first,0.926829268292683,TRUE,11
test,22,9,bird,second,0.926829268292683,TRUE,6
test,22,35,duck,second,0.926829268292683,TRUE,6
test,23,12,duck,first,0.926829268292683,TRUE,14
test,23,16,bird,first,0.926829268292683,TRUE,7
test,23,32,duck,second,0.926829268292683,TRUE,4
test,23,34,bird,second,0.926829268292683,TRUE,8
test,24,8,duck,first,0.926829268292683,TRUE,11
test,24,26,bird,first,0.926829268292683,TRUE,5
test,24,12,duck,second,0.926829268292683,TRUE,9
test,24,32,bird,second,0.926829268292683,TRUE,5
test,25,19,bird,first,0.926829268292683,TRUE,3
test,25,23,duck,first,0.926829268292683,TRUE,4
test,25,25,duck,second,0.926829268292683,TRUE,4
test,25,35,bird,second,0.926829268292683,TRUE,22
test,26,16,duck,first,0.926829268292683,TRUE,7
test,26,20,bird,first,0.926829268292683,TRUE,4
test,26,24,duck,second,0.926829268292683,TRUE,4
test,26,32,bird,second,0.926829268292683,TRUE,3
test,27,6,duck,first,0.926829268292683,TRUE,6
test,27,20,bird,first,0.926829268292683,TRUE,9
test,27,22,duck,second,0.926829268292683,TRUE,7
test,27,34,bird,second,0.926829268292683,TRUE,23
test,28,16,bird,first,0.926829268292683,TRUE,5
test,28,18,duck,first,0.926829268292683,TRUE,9
test,28,20,duck,second,0.926829268292683,TRUE,3
test,28,38,bird,second,0.926829268292683,TRUE,4
test,30,17,bird,first,0.926829268292683,TRUE,3
test,30,25,duck,first,0.926829268292683,TRUE,10
test,30,27,duck,second,0.926829268292683,TRUE,3
test,30,33,bird,second,0.926829268292683,TRUE,6
test,31,15,duck,first,0.926829268292683,TRUE,3
test,31,17,bird,first,0.926829268292683,TRUE,3
test,31,19,duck,second,0.926829268292683,TRUE,4
test,31,35,bird,second,0.926829268292683,TRUE,3
test,32,6,duck,first,0.926829268292683,TRUE,4
test,32,8,bird,first,0.926829268292683,TRUE,9
test,32,20,bird,second,0.926829268292683,TRUE,3
test,32,40,duck,second,0.926829268292683,TRUE,3
test,33,10,bird,first,0.926829268292683,TRUE,6
test,33,20,duck,first,0.926829268292683,TRUE,3
test,33,12,bird,second,0.926829268292683,TRUE,3
test,33,32,duck,second,0.926829268292683,TRUE,6
test,34,9,bird,first,0.926829268292683,TRUE,5
test,34,19,duck,first,0.926829268292683,TRUE,5
test,34,13,bird,second,0.926829268292683,TRUE,1
test,34,31,duck,second,0.926829268292683,TRUE,12
test,35,7,duck,first,0.926829268292683,TRUE,5
test,35,11,bird,first,0.926829268292683,TRUE,3
test,35,15,duck,second,0.926829268292683,TRUE,9
test,35,29,bird,second,0.926829268292683,TRUE,3
test,36,9,duck,first,0.926829268292683,TRUE,10
test,36,21,bird,first,0.926829268292683,TRUE,8
test,36,23,bird,second,0.926829268292683,TRUE,12
test,36,27,duck,second,0.926829268292683,TRUE,6
test,37,12,bird,first,0.926829268292683,TRUE,1
test,37,32,duck,first,0.926829268292683,TRUE,2
test,37,24,bird,second,0.926829268292683,TRUE,1
test,37,36,duck,second,0.926829268292683,TRUE,4
test,38,11,bird,first,0.926829268292683,TRUE,3
test,38,27,duck,first,0.926829268292683,TRUE,5
test,38,37,duck,second,0.926829268292683,TRUE,2
test,38,39,bird,second,0.926829268292683,TRUE,2
test,39,11,bird,first,0.926829268292683,TRUE,14
test,39,33,duck,first,0.926829268292683,TRUE,22
test,39,25,bird,second,0.926829268292683,TRUE,6
test,39,35,duck,second,0.926829268292683,TRUE,21
test,40,6,duck,first,0.926829268292683,TRUE,9
test,40,34,bird,first,0.926829268292683,TRUE,16
test,40,12,duck,second,0.926829268292683,TRUE,9
test,40,40,bird,second,0.926829268292683,TRUE,4
test,41,30,duck,first,0.926829268292683,TRUE,11
test,41,32,duck,second,0.926829268292683,TRUE,8
train,14,24,cow,first,0.9512195121951219,FALSE,3
train,14,28,cow,second,0.9512195121951219,FALSE,3
train,15,25,fish,first,0.9512195121951219,FALSE,3
train,15,29,fish,second,0.9512195121951219,FALSE,8
test,29,5,fish,first,0.9512195121951219,FALSE,17
test,29,9,cow,first,0.9512195121951219,FALSE,2
test,29,31,fish,second,0.9512195121951219,FALSE,1
test,29,37,cow,second,0.9512195121951219,FALSE,18
train,1,7,cow,first,0.9512195121951219,TRUE,5
train,1,23,fish,first,0.9512195121951219,TRUE,7
train,1,27,cow,second,0.9512195121951219,TRUE,6
train,1,31,fish,second,0.9512195121951219,TRUE,3
train,2,20,cow,first,0.9512195121951219,TRUE,4
train,2,32,fish,first,0.9512195121951219,TRUE,5
train,2,22,cow,second,0.9512195121951219,TRUE,14
train,2,38,fish,second,0.9512195121951219,TRUE,4
train,3,10,cow,first,0.9512195121951219,TRUE,10
train,3,18,fish,first,0.9512195121951219,TRUE,3
train,3,28,fish,second,0.9512195121951219,TRUE,3
train,3,34,cow,second,0.9512195121951219,TRUE,4
train,4,17,fish,first,0.9512195121951219,TRUE,4
train,4,21,cow,first,0.9512195121951219,TRUE,5
train,4,29,cow,second,0.9512195121951219,TRUE,2
train,4,37,fish,second,0.9512195121951219,TRUE,5
train,5,16,cow,first,0.9512195121951219,TRUE,4
train,5,34,fish,first,0.9512195121951219,TRUE,1
train,5,26,cow,second,0.9512195121951219,TRUE,1
train,5,38,fish,second,0.9512195121951219,TRUE,1
train,6,17,cow,first,0.9512195121951219,TRUE,6
train,6,19,fish,first,0.9512195121951219,TRUE,4
train,6,21,cow,second,0.9512195121951219,TRUE,6
train,6,39,fish,second,0.9512195121951219,TRUE,1
train,7,6,cow,first,0.9512195121951219,TRUE,12
train,7,24,fish,first,0.9512195121951219,TRUE,8
train,7,26,cow,second,0.9512195121951219,TRUE,6
train,7,32,fish,second,0.9512195121951219,TRUE,4
train,8,9,fish,first,0.9512195121951219,TRUE,7
train,8,13,cow,first,0.9512195121951219,TRUE,12
train,8,23,fish,second,0.9512195121951219,TRUE,5
train,8,37,cow,second,0.9512195121951219,TRUE,5
train,9,13,fish,first,0.9512195121951219,TRUE,8
train,9,17,cow,first,0.9512195121951219,TRUE,4
train,9,19,fish,second,0.9512195121951219,TRUE,2
train,9,29,cow,second,0.9512195121951219,TRUE,4
train,10,6,fish,first,0.9512195121951219,TRUE,5
train,10,24,cow,first,0.9512195121951219,TRUE,4
train,10,32,cow,second,0.9512195121951219,TRUE,5
train,10,40,fish,second,0.9512195121951219,TRUE,4
train,11,8,cow,first,0.9512195121951219,TRUE,9
train,11,16,fish,first,0.9512195121951219,TRUE,5
train,11,26,fish,second,0.9512195121951219,TRUE,5
train,11,40,cow,second,0.9512195121951219,TRUE,7
train,12,5,cow,first,0.9512195121951219,TRUE,4
train,12,17,fish,first,0.9512195121951219,TRUE,5
train,12,15,cow,second,0.9512195121951219,TRUE,9
train,12,19,fish,second,0.9512195121951219,TRUE,6
train,13,26,fish,first,0.9512195121951219,TRUE,2
train,13,30,cow,first,0.9512195121951219,TRUE,15
train,13,38,cow,second,0.9512195121951219,TRUE,5
train,13,40,fish,second,0.9512195121951219,TRUE,4
train,14,10,fish,first,0.9512195121951219,TRUE,3
train,14,32,fish,second,0.9512195121951219,TRUE,8
train,15,7,cow,first,0.9512195121951219,TRUE,12
train,15,11,cow,second,0.9512195121951219,TRUE,5
train,16,8,fish,first,0.9512195121951219,TRUE,4
train,16,24,cow,first,0.9512195121951219,TRUE,13
train,16,10,fish,second,0.9512195121951219,TRUE,4
train,16,34,cow,second,0.9512195121951219,TRUE,6
train,17,8,fish,first,0.9512195121951219,TRUE,8
train,17,14,cow,first,0.9512195121951219,TRUE,3
train,17,32,fish,second,0.9512195121951219,TRUE,5
train,17,34,cow,second,0.9512195121951219,TRUE,3
train,18,8,cow,first,0.9512195121951219,TRUE,16
train,18,24,fish,first,0.9512195121951219,TRUE,10
train,18,16,cow,second,0.9512195121951219,TRUE,9
train,18,40,fish,second,0.9512195121951219,TRUE,4
train,19,9,cow,first,0.9512195121951219,TRUE,7
train,19,15,fish,first,0.9512195121951219,TRUE,4
train,19,35,fish,second,0.9512195121951219,TRUE,4
train,19,39,cow,second,0.9512195121951219,TRUE,3
train,20,11,cow,first,0.9512195121951219,TRUE,14
train,20,35,fish,first,0.9512195121951219,TRUE,8
train,20,29,cow,second,0.9512195121951219,TRUE,14
train,20,37,fish,second,0.9512195121951219,TRUE,3
test,21,28,fish,first,0.9512195121951219,TRUE,3
test,21,30,cow,first,0.9512195121951219,TRUE,3
test,21,32,cow,second,0.9512195121951219,TRUE,5
test,21,40,fish,second,0.9512195121951219,TRUE,2
test,22,11,fish,first,0.9512195121951219,TRUE,3
test,22,17,cow,first,0.9512195121951219,TRUE,1
test,22,21,cow,second,0.9512195121951219,TRUE,4
test,22,29,fish,second,0.9512195121951219,TRUE,7
test,23,6,cow,first,0.9512195121951219,TRUE,5
test,23,10,fish,first,0.9512195121951219,TRUE,8
test,23,14,cow,second,0.9512195121951219,TRUE,2
test,23,20,fish,second,0.9512195121951219,TRUE,7
test,24,6,cow,first,0.9512195121951219,TRUE,7
test,24,18,fish,first,0.9512195121951219,TRUE,15
test,24,22,fish,second,0.9512195121951219,TRUE,5
test,24,24,cow,second,0.9512195121951219,TRUE,8
test,25,13,fish,first,0.9512195121951219,TRUE,3
test,25,17,cow,first,0.9512195121951219,TRUE,3
test,25,29,cow,second,0.9512195121951219,TRUE,3
test,25,39,fish,second,0.9512195121951219,TRUE,3
test,26,14,cow,first,0.9512195121951219,TRUE,6
test,26,28,fish,first,0.9512195121951219,TRUE,4
test,26,34,cow,second,0.9512195121951219,TRUE,3
test,26,40,fish,second,0.9512195121951219,TRUE,3
test,27,14,fish,first,0.9512195121951219,TRUE,7
test,27,18,cow,first,0.9512195121951219,TRUE,12
test,27,26,cow,second,0.9512195121951219,TRUE,4
test,27,38,fish,second,0.9512195121951219,TRUE,3
test,28,26,fish,first,0.9512195121951219,TRUE,3
test,28,32,cow,first,0.9512195121951219,TRUE,5
test,28,30,fish,second,0.9512195121951219,TRUE,3
test,28,36,cow,second,0.9512195121951219,TRUE,20
test,30,21,fish,first,0.9512195121951219,TRUE,6
test,30,29,cow,first,0.9512195121951219,TRUE,4
test,30,23,fish,second,0.9512195121951219,TRUE,7
test,30,31,cow,second,0.9512195121951219,TRUE,4
test,31,7,fish,first,0.9512195121951219,TRUE,6
test,31,11,cow,first,0.9512195121951219,TRUE,6
test,31,13,fish,second,0.9512195121951219,TRUE,5
test,31,37,cow,second,0.9512195121951219,TRUE,11
test,32,10,cow,first,0.9512195121951219,TRUE,7
test,32,16,fish,first,0.9512195121951219,TRUE,7
test,32,34,fish,second,0.9512195121951219,TRUE,3
test,32,36,cow,second,0.9512195121951219,TRUE,3
test,33,8,fish,first,0.9512195121951219,TRUE,4
test,33,26,cow,first,0.9512195121951219,TRUE,3
test,33,30,fish,second,0.9512195121951219,TRUE,3
test,33,40,cow,second,0.9512195121951219,TRUE,3
test,34,15,fish,first,0.9512195121951219,TRUE,3
test,34,27,cow,first,0.9512195121951219,TRUE,1
test,34,17,fish,second,0.9512195121951219,TRUE,5
test,34,33,cow,second,0.9512195121951219,TRUE,4
test,35,13,cow,first,0.9512195121951219,TRUE,7
test,35,23,fish,first,0.9512195121951219,TRUE,6
test,35,21,cow,second,0.9512195121951219,TRUE,7
test,35,37,fish,second,0.9512195121951219,TRUE,3
test,36,13,fish,first,0.9512195121951219,TRUE,15
test,36,25,cow,first,0.9512195121951219,TRUE,4
test,36,19,fish,second,0.9512195121951219,TRUE,13
test,36,35,cow,second,0.9512195121951219,TRUE,2
test,37,6,fish,first,0.9512195121951219,TRUE,1
test,37,20,cow,first,0.9512195121951219,TRUE,3
test,37,16,fish,second,0.9512195121951219,TRUE,2
test,37,38,cow,second,0.9512195121951219,TRUE,7
test,38,9,cow,first,0.9512195121951219,TRUE,5
test,38,23,fish,second,0.9512195121951219,TRUE,3
test,38,33,cow,second,0.9512195121951219,TRUE,2
test,39,9,cow,first,0.9512195121951219,TRUE,3
test,39,17,fish,first,0.9512195121951219,TRUE,3
test,39,15,cow,second,0.9512195121951219,TRUE,3
test,39,21,fish,second,0.9512195121951219,TRUE,3
test,40,14,cow,first,0.9512195121951219,TRUE,9
test,40,28,fish,first,0.9512195121951219,TRUE,8
test,40,24,cow,second,0.9512195121951219,TRUE,8
test,40,32,fish,second,0.9512195121951219,TRUE,10
test,41,20,fish,first,0.9512195121951219,TRUE,3
test,41,22,cow,first,0.9512195121951219,TRUE,7
test,41,28,cow,second,0.9512195121951219,TRUE,6
test,41,36,fish,second,0.9512195121951219,TRUE,4
test,29,7,dog,first,0.975609756097561,FALSE,11
test,29,39,dog,second,0.975609756097561,FALSE,8
train,1,33,dog,first,0.975609756097561,TRUE,6
train,1,37,dog,second,0.975609756097561,TRUE,5
train,2,30,dog,first,0.975609756097561,TRUE,7
train,2,36,dog,second,0.975609756097561,TRUE,4
train,3,26,dog,first,0.975609756097561,TRUE,4
train,3,40,dog,second,0.975609756097561,TRUE,4
train,4,11,dog,first,0.975609756097561,TRUE,6
train,4,27,dog,second,0.975609756097561,TRUE,8
train,5,14,dog,first,0.975609756097561,TRUE,6
train,5,32,dog,second,0.975609756097561,TRUE,2
train,6,11,dog,first,0.975609756097561,TRUE,5
train,6,25,dog,second,0.975609756097561,TRUE,1
train,7,10,dog,first,0.975609756097561,TRUE,8
train,7,40,dog,second,0.975609756097561,TRUE,3
train,8,15,dog,first,0.975609756097561,TRUE,5
train,8,39,dog,second,0.975609756097561,TRUE,5
train,9,5,dog,first,0.975609756097561,TRUE,13
train,9,37,dog,second,0.975609756097561,TRUE,4
train,10,12,dog,first,0.975609756097561,TRUE,11
train,10,22,dog,second,0.975609756097561,TRUE,5
train,11,24,dog,first,0.975609756097561,TRUE,5
train,11,28,dog,second,0.975609756097561,TRUE,7
train,12,7,dog,first,0.975609756097561,TRUE,4
train,12,27,dog,second,0.975609756097561,TRUE,3
train,13,18,dog,first,0.975609756097561,TRUE,5
train,13,22,dog,second,0.975609756097561,TRUE,4
train,14,16,dog,first,0.975609756097561,TRUE,17
train,14,18,dog,second,0.975609756097561,TRUE,4
train,15,17,dog,first,0.975609756097561,TRUE,15
train,15,35,dog,second,0.975609756097561,TRUE,12
train,16,16,dog,first,0.975609756097561,TRUE,3
train,16,18,dog,second,0.975609756097561,TRUE,3
train,17,18,dog,first,0.975609756097561,TRUE,10
train,17,22,dog,second,0.975609756097561,TRUE,7
train,18,14,dog,first,0.975609756097561,TRUE,8
train,18,34,dog,second,0.975609756097561,TRUE,7
train,19,13,dog,first,0.975609756097561,TRUE,4
train,19,27,dog,second,0.975609756097561,TRUE,4
train,20,13,dog,first,0.975609756097561,TRUE,3
train,20,33,dog,second,0.975609756097561,TRUE,9
test,21,8,dog,first,0.975609756097561,TRUE,6
test,21,38,dog,second,0.975609756097561,TRUE,3
test,22,15,dog,first,0.975609756097561,TRUE,4
test,22,31,dog,second,0.975609756097561,TRUE,9
test,23,18,dog,first,0.975609756097561,TRUE,3
test,23,36,dog,second,0.975609756097561,TRUE,7
test,24,10,dog,first,0.975609756097561,TRUE,3
test,24,36,dog,second,0.975609756097561,TRUE,9
test,25,7,dog,second,0.975609756097561,TRUE,4
test,26,8,dog,first,0.975609756097561,TRUE,9
test,26,26,dog,second,0.975609756097561,TRUE,4
test,27,28,dog,first,0.975609756097561,TRUE,5
test,27,36,dog,second,0.975609756097561,TRUE,5
test,28,22,dog,first,0.975609756097561,TRUE,3
test,28,40,dog,second,0.975609756097561,TRUE,3
test,30,7,dog,first,0.975609756097561,TRUE,5
test,30,19,dog,second,0.975609756097561,TRUE,4
test,31,27,dog,first,0.975609756097561,TRUE,6
test,31,33,dog,second,0.975609756097561,TRUE,3
test,32,12,dog,first,0.975609756097561,TRUE,7
test,32,14,dog,second,0.975609756097561,TRUE,6
test,33,14,dog,first,0.975609756097561,TRUE,3
test,33,38,dog,second,0.975609756097561,TRUE,3
test,34,5,dog,first,0.975609756097561,TRUE,5
test,34,37,dog,second,0.975609756097561,TRUE,1
test,35,9,dog,first,0.975609756097561,TRUE,7
test,35,17,dog,second,0.975609756097561,TRUE,4
test,36,29,dog,first,0.975609756097561,TRUE,4
test,36,31,dog,second,0.975609756097561,TRUE,10
test,37,26,dog,first,0.975609756097561,TRUE,1
test,37,34,dog,second,0.975609756097561,TRUE,1
test,38,5,dog,first,0.975609756097561,TRUE,4
test,38,35,dog,second,0.975609756097561,TRUE,6
test,39,7,dog,first,0.975609756097561,TRUE,6
test,39,27,dog,second,0.975609756097561,TRUE,3
test,40,10,dog,first,0.975609756097561,TRUE,4
test,40,18,dog,second,0.975609756097561,TRUE,3
test,41,10,dog,first,0.975609756097561,TRUE,7
test,41,40,dog,second,0.975609756097561,TRUE,5
train,1,13,cat,first,1,TRUE,5
train,1,17,cat,second,1,TRUE,7
train,2,8,cat,first,1,TRUE,4
train,2,10,cat,second,1,TRUE,4
train,3,6,cat,first,1,TRUE,3
train,3,32,cat,second,1,TRUE,3
train,4,7,cat,first,1,TRUE,4
train,4,33,cat,second,1,TRUE,6
train,5,10,cat,first,1,TRUE,4
train,5,18,cat,second,1,TRUE,1
train,6,9,cat,first,1,TRUE,1
train,6,23,cat,second,1,TRUE,5
train,7,18,cat,first,1,TRUE,5
train,7,38,cat,second,1,TRUE,7
train,8,11,cat,first,1,TRUE,4
train,8,33,cat,second,1,TRUE,4
train,9,9,cat,first,1,TRUE,7
train,9,39,cat,second,1,TRUE,4
train,10,8,cat,first,1,TRUE,8
train,10,34,cat,second,1,TRUE,4
train,11,18,cat,first,1,TRUE,3
train,11,22,cat,second,1,TRUE,5
train,12,29,cat,first,1,TRUE,6
train,12,37,cat,second,1,TRUE,3
train,13,10,cat,first,1,TRUE,5
train,13,24,cat,second,1,TRUE,8
train,14,12,cat,first,1,TRUE,5
train,14,14,cat,second,1,TRUE,3
train,15,13,cat,first,1,TRUE,8
train,15,27,cat,second,1,TRUE,5
train,16,28,cat,first,1,TRUE,10
train,16,32,cat,second,1,TRUE,3
train,17,26,cat,first,1,TRUE,7
train,17,36,cat,second,1,TRUE,4
train,18,6,cat,first,1,TRUE,7
train,18,10,cat,second,1,TRUE,6
train,19,5,cat,first,1,TRUE,4
train,19,17,cat,second,1,TRUE,6
train,20,9,cat,first,1,TRUE,3
train,20,39,cat,second,1,TRUE,3
test,21,16,cat,first,1,TRUE,10
test,21,22,cat,second,1,TRUE,6
test,22,19,cat,first,1,TRUE,4
test,22,25,cat,second,1,TRUE,11
test,23,28,cat,first,1,TRUE,55
test,23,40,cat,second,1,TRUE,15
test,24,14,cat,first,1,TRUE,7
test,24,38,cat,second,1,TRUE,6
test,25,21,cat,first,1,TRUE,4
test,25,37,cat,second,1,TRUE,10
test,26,6,cat,first,1,TRUE,4
test,26,10,cat,second,1,TRUE,4
test,27,8,cat,first,1,TRUE,4
test,27,24,cat,second,1,TRUE,5
test,28,14,cat,first,1,TRUE,9
test,28,34,cat,second,1,TRUE,3
test,29,33,cat,first,1,TRUE,4
test,29,35,cat,second,1,TRUE,14
test,30,9,cat,first,1,TRUE,5
test,30,13,cat,second,1,TRUE,3
test,31,9,cat,first,1,TRUE,3
test,31,21,cat,second,1,TRUE,3
test,32,30,cat,first,1,TRUE,6
test,32,32,cat,second,1,TRUE,3
test,33,28,cat,first,1,TRUE,7
test,33,36,cat,second,1,TRUE,3
test,34,35,cat,first,1,TRUE,1
test,34,39,cat,second,1,TRUE,7
test,35,5,cat,first,1,TRUE,43
test,35,25,cat,second,1,TRUE,3
test,36,5,cat,first,1,TRUE,14
test,36,39,cat,second,1,TRUE,6
test,37,8,cat,first,1,TRUE,1
test,37,10,cat,second,1,TRUE,1
test,38,21,cat,first,1,TRUE,10
test,38,25,cat,second,1,TRUE,3
test,39,19,cat,first,1,TRUE,7
test,39,39,cat,second,1,TRUE,8
test,40,16,cat,first,1,TRUE,8
test,40,22,cat,second,1,TRUE,9
test,41,24,cat,first,1,TRUE,5
test,41,38,cat,second,1,TRUE,6
